,Name,Track_ID,Album,Artist,Artist_ID,Artist_Genre,Duration_ms,Popularity,Explicit,Danceability,Energy,Key,Loudness,Mode,Speechiness,Acousticness,Instrumentalness,Liveness,Valence,Tempo,Playlist
0,I Ain't Worried,4h9wh7iOZ0GGn8QVp4RAOB,"I Ain’t Worried (Music From The Motion Picture ""Top Gun: Maverick"")",OneRepublic,5Pwc4xIPtQLFEnJriah9YJ,"['piano rock', 'pop', 'pop rock']",148485,97,False,0.704,0.797,0,-5.927,1,0.0475,0.0826,0.000745,0.0546,0.825,139.994,Mood_Booster
1,As It Was,4LRPiXqCikLlN15c3yImP7,As It Was,Harry Styles,6KImCVD70vtIoJWnq6nGn3,['pop'],167303,96,False,0.52,0.731,6,-5.338,0,0.0557,0.342,0.00101,0.311,0.662,173.93,Mood_Booster
2,Left and Right (Feat. Jung Kook of BTS),0mBP9X2gPCuapvpZ7TGDk3,Left and Right (Feat. Jung Kook of BTS),Charlie Puth,6VuMaDnrHyPL1p4EHjYLi7,"['dance pop', 'pop', 'viral pop']",154486,93,False,0.881,0.592,2,-4.898,1,0.0324,0.619,1.32e-05,0.0901,0.719,101.058,Mood_Booster
3,SNAP,76OGwb5RA9h4FxQPT33ekc,SNAP,Rosa Linn,46xBNx0j6cwY6sD9LgMTm1,[],179551,93,False,0.565,0.636,0,-8.198,1,0.0638,0.107,9.9e-06,0.447,0.525,170.01,Mood_Booster
4,Sunroof,4h4QlmocP3IuwYEj2j14p8,Sunroof,Nicky Youre,7qmpXeNz2ojlMl2EEfkeLs,[],163025,93,False,0.768,0.714,10,-5.11,1,0.0401,0.352,0.0,0.15,0.842,131.443,Mood_Booster
5,I Like You (A Happier Song) (with Doja Cat),0O6u0VJ46W86TxN9wgyqDj,Twelve Carat Toothache,Post Malone,246dkjvS1zLTtiykXe5h60,"['dfw rap', 'melodic rap', 'rap']",192840,92,True,0.733,0.67,5,-6.009,1,0.0751,0.121,0.0,0.121,0.472,100.964,Mood_Booster
6,Dandelions,2eAvDnpXP5W0cVtiI0PUxV,Safe Haven,Ruth B.,2WzaAvm2bBCf4pEhyuDgCY,"['alt z', 'canadian contemporary r&b', 'canadian pop', 'pop']",233720,91,False,0.609,0.692,1,-2.958,1,0.0259,0.0157,0.0,0.0864,0.454,116.959,Mood_Booster
7,Until I Found You,0T5iIrXA4p5GsubkhuBIKV,Until I Found You,Stephen Sanchez,5XKFrudbV4IiuE5WuTPRmT,"['gen z singer-songwriter', 'pop']",177720,90,False,0.539,0.508,10,-6.05,1,0.0288,0.727,0.0,0.174,0.227,101.358,Mood_Booster
8,About Damn Time,1PckUlxKqWQs3RlWXVBLw3,About Damn Time,Lizzo,56oDRnqbIiwx4mymNEv7dS,"['escape room', 'minnesota hip hop', 'pop', 'trap queen']",191822,90,True,0.836,0.743,10,-6.305,0,0.0656,0.0995,0.0,0.335,0.722,108.966,Mood_Booster
9,Hold Me Closer,72yP0DUlWPyH8P7IoxskwN,Hold Me Closer,Elton John,3PhoLpVuITZKcymswpck5b,"['glam rock', 'mellow gold', 'piano rock']",202245,90,False,0.667,0.75,0,-4.602,1,0.0906,0.0746,0.000198,0.197,0.486,126.041,Mood_Booster
10,Late Night Talking,1qEmFfgcLObUfQm0j1W2CK,Harry's House,Harry Styles,6KImCVD70vtIoJWnq6nGn3,['pop'],177954,93,False,0.714,0.728,10,-4.595,1,0.0468,0.298,0.0,0.106,0.901,114.996,Mood_Booster
11,STAY (with Justin Bieber),5HCyWlXZPP0y6Gqq8TgA20,STAY (with Justin Bieber),The Kid LAROI,2tIP7SsRs7vjIcLrU85W8J,"['australian hip hop', 'pop']",141805,89,True,0.591,0.764,1,-5.484,1,0.0483,0.0383,0.0,0.103,0.478,169.928,Mood_Booster
12,Heat Waves,02MWAaffLxlfxAUY7c5dvx,Dreamland (+ Bonus Levels),Glass Animals,4yvcSjfu4PC0CYQyLy4wSq,"['gauze pop', 'indietronica', 'shiver pop']",238805,89,False,0.761,0.525,11,-6.9,1,0.0944,0.44,6.7e-06,0.0921,0.531,80.87,Mood_Booster
13,Where Are You Now,3uUuGVFu1V7jTQL60S1r8z,Where Are You Now,Lost Frequencies,7f5Zgnp2spUuuzKplmRkt7,"['belgian edm', 'edm', 'pop', 'pop dance', 'tropical house']",148197,89,False,0.671,0.636,6,-8.117,0,0.103,0.515,0.000411,0.172,0.262,120.966,Mood_Booster
14,Shivers,50nfwKoDiSYg8zOCREWAm5,=,Ed Sheeran,6eUKZXaKkcviH0Ku9w2n3V,"['pop', 'uk pop']",207853,89,False,0.788,0.859,2,-2.724,1,0.0856,0.281,0.0,0.0424,0.822,141.02,Mood_Booster
15,Numb,10xV5l9nhLvFpR8mqzs0bL,Numb,Marshmello,64KEffDW9EtZ1y2vBYgq8T,"['brostep', 'dance pop', 'edm', 'pop', 'pop dance', 'progressive electro house']",155588,88,False,0.912,0.774,0,-4.673,0,0.0455,0.121,0.0127,0.101,0.632,119.966,Mood_Booster
16,Cold Heart - PNAU Remix,6zSpb8dQRaw0M1dK8PBwQz,Cold Heart (PNAU Remix),Elton John,3PhoLpVuITZKcymswpck5b,"['glam rock', 'mellow gold', 'piano rock']",202735,89,False,0.796,0.798,1,-6.312,1,0.0317,0.034,4.19e-05,0.0952,0.942,116.032,Mood_Booster
17,Bam Bam (feat. Ed Sheeran),0QBzMgT7NIeoCYy3sJCof1,Bam Bam (feat. Ed Sheeran),Camila Cabello,4nDoRrQiYLoBzwC5BhVJzF,"['dance pop', 'pop', 'post-teen pop', 'uk pop']",206070,88,False,0.756,0.697,8,-6.377,1,0.0401,0.182,0.0,0.333,0.956,94.996,Mood_Booster
18,THATS WHAT I WANT,0e8nrvls4Qqv5Rfa2UhqmO,MONTERO,Lil Nas X,7jVv8c5Fj3E9VhNjxT4snq,"['lgbtq+ hip hop', 'pop']",143901,87,True,0.737,0.846,1,-4.51,0,0.22,0.00614,0.0,0.0486,0.546,87.981,Mood_Booster
19,My Universe,3FeVmId7tL5YN8B7R3imoM,My Universe,Coldplay,4gzpq5DPGxSnKTe4SA8HAU,"['permanent wave', 'pop']",228000,85,False,0.588,0.701,9,-6.39,1,0.0402,0.00813,0.0,0.2,0.443,104.988,Mood_Booster
20,Watermelon Sugar,6UelLqGlWMcVH1E5c4H7lY,Fine Line,Harry Styles,6KImCVD70vtIoJWnq6nGn3,['pop'],174000,90,False,0.548,0.816,0,-4.209,1,0.0465,0.122,0.0,0.335,0.557,95.39,Mood_Booster
21,Leave Before You Love Me (with Jonas Brothers),4qu63nuBpdn0qHUHuObEj1,Leave Before You Love Me,Marshmello,64KEffDW9EtZ1y2vBYgq8T,"['brostep', 'dance pop', 'edm', 'pop', 'pop dance', 'progressive electro house']",154983,86,False,0.721,0.738,7,-4.77,1,0.0403,0.00226,4.41e-06,0.118,0.637,119.976,Mood_Booster
22,Save Your Tears (with Ariana Grande) (Remix),37BZB0z9T8Xu7U3e65qxFy,Save Your Tears (Remix),The Weeknd,1Xyo4u8uXC1ZmMpatF05PJ,"['canadian contemporary r&b', 'canadian pop', 'pop']",191013,84,False,0.65,0.825,0,-4.645,1,0.0325,0.0215,2.44e-05,0.0936,0.593,118.091,Mood_Booster
23,2 Be Loved (Am I Ready),2rmwqU7yzTvzkiaRV53DpT,Special,Lizzo,56oDRnqbIiwx4mymNEv7dS,"['escape room', 'minnesota hip hop', 'pop', 'trap queen']",187107,84,False,0.721,0.769,7,-4.111,1,0.105,0.0922,0.0,0.0817,0.915,155.932,Mood_Booster
24,Victoria’s Secret,4svaKoxMMP7ImmKrD5hfQu,Victoria’s Secret,Jax,7DQYAz99eM3Y5PkP9WtUew,['gen z singer-songwriter'],176124,83,True,0.586,0.556,6,-7.639,1,0.0592,0.00655,0.0,0.0836,0.517,167.018,Mood_Booster
25,Sunshine,5r43qanLhUCdBj8HN3fa6B,Sunshine,OneRepublic,5Pwc4xIPtQLFEnJriah9YJ,"['piano rock', 'pop', 'pop rock']",163854,83,False,0.697,0.875,5,-4.621,1,0.034,0.137,0.0,0.28,0.774,140.069,Mood_Booster
26,Better Days (NEIKED x Mae Muller x Polo G),6f5ExP43esnvdKPddwKXJH,Better Days (NEIKED x Mae Muller x Polo G),NEIKED,5H6xmHXjsq98NLbEjuE29f,"['dance pop', 'pop', 'pop dance', 'scandipop', 'tropical house']",160656,83,False,0.717,0.671,0,-5.077,0,0.0337,0.0018,2.54e-06,0.0921,0.699,110.054,Mood_Booster
27,Electric Love,2GiJYvgVaD2HtM8GqD9EgQ,Dopamine,BØRNS,1KP6TWI40m7p3QBTU6u2xo,"['modern rock', 'pop']",218106,83,False,0.611,0.797,6,-7.627,0,0.0533,0.00543,0.00137,0.26,0.518,120.041,Mood_Booster
28,Summer of Love (Shawn Mendes & Tainy),0z8hI3OPS8ADPWtoCjjLl6,Summer Of Love,Shawn Mendes,7n2wHs1TKAczGzO7Dd2rGr,"['canadian pop', 'dance pop', 'pop', 'viral pop']",184104,82,False,0.776,0.808,11,-4.501,1,0.117,0.0297,0.000127,0.103,0.494,123.988,Mood_Booster
29,Light Switch,1BSMpVGWs3v5BZKnAQziAc,Light Switch,Charlie Puth,6VuMaDnrHyPL1p4EHjYLi7,"['dance pop', 'pop', 'viral pop']",185680,82,False,0.69,0.626,6,-5.693,1,0.306,0.105,0.000335,0.0881,0.912,184.009,Mood_Booster
30,Meet Me At Our Spot,07MDkzWARZaLEdKxo6yArG,THE ANXIETY,THE ANXIETY,64H8UqGLbJFHwKtGxiV8OP,['modern alternative pop'],162680,81,True,0.773,0.47,2,-7.93,1,0.0299,0.0153,0.000193,0.0851,0.399,94.995,Mood_Booster
31,Celestial,4zrKN5Sv8JS5mqnbVcsul7,Celestial,Ed Sheeran,6eUKZXaKkcviH0Ku9w2n3V,"['pop', 'uk pop']",209026,81,False,0.574,0.852,2,-1.248,1,0.0397,0.0529,0.0,0.161,0.501,123.038,Mood_Booster
32,When I’m Gone (with Katy Perry),5902W4uHWzhtOff1UK7the,When I’m Gone (with Katy Perry),Alesso,4AVFqumd2ogHFlRbKIjp1t,"['dance pop', 'edm', 'electro house', 'pop', 'pop dance', 'tropical house']",161266,81,False,0.685,0.886,0,-4.179,1,0.034,0.028,0.0,0.481,0.615,125.034,Mood_Booster
33,Woke Up in Love,21H0pUV2uPIPcFnFhgTBjo,Woke Up in Love,Kygo,23fqKkggKUBHNkbKtXEls4,"['edm', 'pop', 'pop dance', 'tropical house']",216873,81,False,0.643,0.585,2,-5.994,1,0.0369,0.225,0.0,0.0927,0.188,106.015,Mood_Booster
34,Coast (feat. Anderson .Paak),1l4iQsOZ5sOXZPMQLvouaB,Coast,Hailee Steinfeld,5p7f24Rk5HkUZsaS3BLG5F,"['dance pop', 'pop', 'post-teen pop', 'uk pop']",166720,80,False,0.701,0.875,11,-4.1,1,0.0757,0.0262,7.32e-06,0.137,0.84,111.976,Mood_Booster
35,Numb Little Bug,3o9kpgkIcffx0iSwxhuNI2,Numb Little Bug,Em Beihold,7o2ZQYM7nTsaVdkXY38UAA,"['alt z', 'gen z singer-songwriter']",169237,79,False,0.742,0.527,8,-6.892,0,0.0769,0.327,0.0,0.25,0.638,84.974,Mood_Booster
36,Levitating (feat. DaBaby),463CkQjx2Zk1yXoBuierM9,Levitating (feat. DaBaby),Dua Lipa,6M2wZ9GZgrQXHCFfjv46we,"['dance pop', 'pop', 'uk pop']",203064,78,False,0.702,0.825,6,-3.787,0,0.0601,0.00883,0.0,0.0674,0.915,102.977,Mood_Booster
37,3 Nights,1tNJrcVe6gwLEiZCtprs1u,"Don't Forget About Me, Demos",Dominic Fike,6USv9qhCn6zfxlBQIYJ9qs,"['alternative pop rock', 'pop']",177666,78,False,0.815,0.518,7,-6.594,0,0.0897,0.223,0.0,0.104,0.877,151.891,Mood_Booster
38,Make You Mine,5iFwAOB2TFkPJk8sMlxP8g,Make You Mine,PUBLIC,4vxaQs6vK54nK89J1VtLex,['indie rockism'],232906,78,False,0.606,0.799,9,-4.452,1,0.0261,0.0128,0.0,0.15,0.638,103.014,Mood_Booster
39,Skyline,1QxIFMs4M8qd5cbJJu80v4,Skyline,Khalid,6LuN9FCkKOj5PcnpouEgny,"['pop', 'pop r&b']",182895,78,False,0.733,0.653,11,-6.094,1,0.0391,0.0179,0.0218,0.184,0.752,119.996,Mood_Booster
40,A-O-K,1sx0XsWUusUoPstbvokZjP,TV,Tai Verdes,2kCO8LXN1usaOPL3iEE28I,"['modern indie pop', 'pop', 'pop rap']",173640,78,True,0.731,0.626,11,-6.919,1,0.0805,0.125,0.0,0.183,0.862,82.488,Mood_Booster
41,Put Your Records On,6AGOKlMZWLCaEJGnaROtF9,Put Your Records On,Ritt Momney,7MPGCB854Qo4alYMOPkBka,"['bedroom pop', 'indie pop']",210463,77,False,0.399,0.491,6,-10.778,0,0.0538,0.0563,0.00089,0.11,0.151,91.066,Mood_Booster
42,Someone To You,2f0pn9DkEJwAzXApnFh5cr,Where The Shadow Ends,BANNERS,4qWnlmXWuGv2TtuxtIWlJX,"['indie poptimism', 'pop', 'pop rock', 'uk pop']",219801,77,False,0.52,0.903,2,-5.497,1,0.042,0.00517,0.0,0.254,0.652,74.988,Mood_Booster
43,Butterflies,7eQHxigpuDJjCG50JyzU8v,Butterflies,MAX,1bqxdqvUtPWZri43cKHac8,"['dance pop', 'electropop', 'pop', 'post-teen pop', 'viral pop']",191250,77,False,0.7,0.613,11,-4.041,1,0.0408,0.385,0.0,0.0887,0.42,88.084,Mood_Booster
44,Be Like That - feat. Swae Lee & Khalid,5f1joOtoMeyppIcJGZQvqJ,Be Like That (feat. Swae Lee & Khalid),Kane Brown,3oSJ7TBVCWMDMiYjXNiCKE,"['black americana', 'contemporary country', 'country', 'country road']",191406,76,False,0.727,0.626,7,-8.415,1,0.0726,0.0469,2.58e-05,0.126,0.322,86.97,Mood_Booster
45,Green Green Grass,4N5s8lPTsjI9EGP7K4SXzB,Gold Rush Kid,George Ezra,2ysnwxxNtSgbb9t1m2Ur4j,"['folk-pop', 'neo-singer-songwriter']",167613,76,False,0.685,0.738,8,-4.413,1,0.0595,0.0695,0.0,0.128,0.8,112.972,Mood_Booster
46,Anyone,31qCy5ZaophVA81wtlwLc4,Anyone,Justin Bieber,1uNFoZAHBGtllmzznpCI3s,"['canadian pop', 'pop']",190779,76,False,0.686,0.538,2,-8.026,1,0.0345,0.181,3.13e-06,0.113,0.584,115.884,Mood_Booster
47,OK Not To Be OK,0zzVTGyRrWpQu8Fr28NRAv,OK Not To Be OK,Marshmello,64KEffDW9EtZ1y2vBYgq8T,"['brostep', 'dance pop', 'edm', 'pop', 'pop dance', 'progressive electro house']",159862,76,False,0.743,0.837,1,-5.025,0,0.0649,0.0172,0.0,0.0743,0.263,103.072,Mood_Booster
48,Lost,18XlJEroUwFo0tLZxscgXE,JORDI (Deluxe),Maroon 5,04gDigrS5kc9YWfZHwBETP,['pop'],172597,75,False,0.766,0.706,7,-6.553,0,0.16,0.223,0.00028,0.064,0.766,142.989,Mood_Booster
49,Mariposa,4ja2gzrNh9VNigzoXfmbwD,Mariposa,Peach Tree Rascals,0imE3buPhAowREqCrr4CYe,"['chill r&b', 'pop']",210000,75,False,0.676,0.525,9,-5.88,1,0.028,0.617,0.0,0.356,0.421,112.011,Mood_Booster
50,Can I Get It,6w8ZPYdnGajyfPddTWdthN,30,Adele,4dpARuHxo51G3z768sgnrY,"['british soul', 'pop', 'pop soul', 'uk pop']",210384,75,False,0.703,0.68,9,-6.118,0,0.0431,0.0171,0.0,0.178,0.536,97.985,Mood_Booster
51,Black And White,7rpNuuoMbid56XkDsx2FjE,Heartbreak Weather,Niall Horan,1Hsdzj7Dlq2I7tHP7501T4,"['dance pop', 'neo mellow', 'pop', 'post-teen pop', 'uk pop']",193089,74,False,0.443,0.582,2,-6.02,1,0.0482,0.0301,0.0,0.127,0.239,147.589,Mood_Booster
52,Chasing Stars (feat. James Bay),6y6xhAgZjvxy5kR5rigpY3,Chasing Stars (feat. James Bay),Alesso,4AVFqumd2ogHFlRbKIjp1t,"['dance pop', 'edm', 'electro house', 'pop', 'pop dance', 'tropical house']",170457,72,False,0.594,0.64,10,-6.865,1,0.033,0.0169,0.0,0.135,0.492,92.871,Mood_Booster
53,Wonder Woman,3BLWGYOcy1svvsBByeFxLh,LEGEND,John Legend,5y2Xq6xcjJb2jVM54GHK3t,"['neo mellow', 'neo soul', 'pop', 'pop soul', 'r&b', 'urban contemporary']",168562,72,False,0.628,0.476,0,-4.947,1,0.0352,0.417,0.0,0.121,0.336,147.915,Mood_Booster
54,Let's Fall in Love for the Night,7kQkmyoHCEqwe7QwDbkSXM,Let’s Fall In Love For The Night,FINNEAS,37M5pPGs6V1fchFJSgCguX,"['alt z', 'electropop', 'la indie', 'pop']",190348,72,True,0.737,0.408,5,-7.941,1,0.104,0.802,0.0,0.171,0.374,127.921,Mood_Booster
55,Fly Away,2zBDKzqa6sdxeI0fC6OWIC,Welcome To The Madhouse,Tones And I,2NjfBq1NflQcKSeiDooVjY,"['australian pop', 'pop']",178156,72,False,0.806,0.513,4,-6.208,1,0.0685,0.217,0.0,0.217,0.503,124.988,Mood_Booster
56,Lil Bit,0NmuYnjETG3u3qx0OmEJev,Lil Bit,Nelly,2gBjLmx6zQnFGQJCAQpRgw,"['dance pop', 'gangster rap', 'hip hop', 'pop rap', 'southern hip hop', 'st louis rap', 'urban contemporary']",195962,72,True,0.707,0.689,4,-7.097,0,0.0387,0.0255,0.0,0.383,0.41,119.987,Mood_Booster
57,dancing in the kitchen,0ohcCrxZkBfFbkuRPOZQZX,dancing in the kitchen,LANY,49tQo2QULno7gxHutgccqF,"['la pop', 'pop']",208599,71,False,0.619,0.736,11,-7.651,1,0.0425,0.0328,0.0,0.0864,0.299,93.993,Mood_Booster
58,Don't I Make It Look Easy,0Bm2kjXM4w6JlwS6jpTmfO,Don't I Make It Look Easy,Meghan Trainor,6JL8zeS1NmiOftqZTRgdTz,"['dance pop', 'hip pop', 'pop', 'post-teen pop', 'uk pop']",154888,71,True,0.628,0.742,0,-4.51,1,0.0668,0.0624,0.0,0.274,0.829,148.756,Mood_Booster
59,The Bones - with Hozier,1yTTMcUhL7rtz08Dsgb7Qb,The Bones (with Hozier),Maren Morris,6WY7D3jk8zTrHtmkqqo5GI,"['contemporary country', 'country', 'country road', 'pop', 'texas country']",197298,71,False,0.561,0.597,11,-6.0,0,0.0405,0.286,0.0,0.0979,0.355,76.826,Mood_Booster
60,Wave of You,5Ne1q9Hv3l2NHBA3Agt8WT,Wave of You,Surfaces,4ETSs924pXMzjIeD6E9b4u,"['bedroom soul', 'pop']",213842,71,False,0.695,0.656,1,-6.038,1,0.0489,0.057,0.0,0.267,0.346,90.986,Mood_Booster
61,Way Less Sad,6g3XrmNrWVa33dZuxIhMbF,OK ORCHESTRA,AJR,6s22t5Y3prQHyaHWUN1R1C,['modern rock'],206108,71,False,0.701,0.547,2,-8.238,1,0.0483,0.00843,0.0,0.0987,0.4,140.015,Mood_Booster
62,Clarity,5c6lM2zjAF6MFoD8C1hiBr,Clarity,Vance Joy,10exVja0key0uqUkk6LJRT,"['folk-pop', 'pop', 'pop rock']",227240,70,False,0.552,0.873,0,-6.065,1,0.0464,0.00137,0.000273,0.0966,0.62,125.059,Mood_Booster
63,Glad You Exist,472vIK1ldetTxRxG3ovaiY,Glad You Exist,Dan + Shay,7z5WFjZAIYejWy0NI5lv4T,"['contemporary country', 'country', 'country road', 'pop']",144533,70,False,0.748,0.551,11,-6.12,1,0.0349,0.235,0.0,0.119,0.66,103.953,Mood_Booster
64,Let's go to Hell,38XLUjlR84JEwK0SOvX77a,Let's go to Hell,Tai Verdes,2kCO8LXN1usaOPL3iEE28I,"['modern indie pop', 'pop', 'pop rap']",152181,70,True,0.782,0.798,4,-5.07,0,0.0337,0.141,0.0,0.685,0.905,127.89,Mood_Booster
65,SUPERBLOOM,2HvtedoEeymVWrBPyAMNwZ,SUPERBLOOM,MisterWives,5ivCbtrcD5N4rD337xIb2z,"['electropop', 'indie pop', 'indie poptimism', 'modern rock', 'nyc pop', 'pop', 'pop rock']",213546,70,False,0.558,0.889,8,-3.945,1,0.102,0.191,0.000387,0.328,0.716,170.102,Mood_Booster
66,You (with Marshmello & Vance Joy),1GkHyypTFkUf0QQKwYoXH4,You (with Marshmello & Vance Joy),benny blanco,5CiGnKThu5ctn9pBxv7DGa,"['dance pop', 'electropop', 'pop', 'pop rap']",169632,69,False,0.668,0.563,11,-6.433,1,0.0522,0.0493,0.0,0.119,0.305,103.116,Mood_Booster
67,Blueberry Eyes (feat. SUGA of BTS),5dn6QANKbf76pANGjMBida,Blueberry Eyes (feat. SUGA of BTS),MAX,1bqxdqvUtPWZri43cKHac8,"['dance pop', 'electropop', 'pop', 'post-teen pop', 'viral pop']",172244,69,False,0.746,0.611,0,-7.034,0,0.101,0.454,0.000922,0.133,0.411,149.967,Mood_Booster
68,Sheesh!,3ddNKnYpVx0uI8vcwbTQ5Y,Sheesh!,Surfaces,4ETSs924pXMzjIeD6E9b4u,"['bedroom soul', 'pop']",148846,69,False,0.743,0.832,5,-3.937,1,0.0611,0.161,0.0,0.0925,0.801,149.951,Mood_Booster
69,Love Again,1imMjt1YGNebtrtTAprKV7,Future Nostalgia,Dua Lipa,6M2wZ9GZgrQXHCFfjv46we,"['dance pop', 'pop', 'uk pop']",258004,69,False,0.659,0.667,11,-4.668,0,0.0339,0.00173,2.85e-05,0.1,0.468,115.982,Mood_Booster
70,Cloudy Day,0mA7zotmg2ZFMRALljdZsS,Cloudy Day,Tones And I,2NjfBq1NflQcKSeiDooVjY,"['australian pop', 'pop']",185303,69,False,0.705,0.776,4,-6.096,1,0.0445,0.0643,2.81e-06,0.0246,0.366,116.011,Mood_Booster
71,Joy,4Hn4zAkBUaNnT8m9p7cYaf,Joy,Andy Grammer,2oX42qP5ineK3hrhBECLmj,"['dance pop', 'neo mellow', 'pop', 'pop rap', 'pop rock']",193621,69,False,0.675,0.793,2,-6.0,1,0.157,0.108,0.0,0.103,0.233,111.907,Mood_Booster
72,WHERE WE ARE,7l987hjMH9FBNXBE93Hrs7,BRIGHTSIDE,The Lumineers,16oZKvXb6WkQlVAjwo2Wbg,"['folk-pop', 'stomp and holler']",172800,67,False,0.573,0.507,11,-8.084,1,0.0342,0.759,1.37e-06,0.377,0.363,123.183,Mood_Booster
73,Little Bit of Love,78q4ESvMkPVJzHAV11LAGE,Little Bit of Love (Acoustic),Tom Grennan,5SHxzwjek1Pipl1Yk11UHv,"['tropical house', 'uk pop']",226268,67,False,0.689,0.706,1,-4.48,0,0.0312,0.0833,0.0,0.105,0.623,106.52,Mood_Booster
74,Catching Feelings (feat. SIX60),0gCNs3jCCDhObAK0MRghtv,Drax Project,Drax Project,6S0IvKlvPMX1RtAYtVpUV8,"['australian pop', 'nz pop']",218854,67,False,0.396,0.521,3,-5.877,1,0.101,0.605,0.0,0.157,0.34,175.558,Mood_Booster
75,Big Energy,5lHxARJJrZc3ss4ZVmGWfz,Big Energy,Latto,3MdXrJWsbVzdn6fe5JYkSQ,"['pop', 'rap', 'trap queen']",173182,66,False,0.935,0.81,11,-3.838,0,0.117,0.0401,0.0,0.349,0.787,106.028,Mood_Booster
0,Everybody Wants To Rule The World,4RvWPyQ5RL0ao9LPZeSouE,Songs From The Big Chair (Super Deluxe Edition),Tears For Fears,4bthk9UfsYUYdcFyqxmSUU,"['new romantic', 'new wave', 'new wave pop', 'permanent wave', 'rock', 'sophisti-pop', 'synthpop']",251488,88,False,0.645,0.795,7,-12.095,1,0.0527,0.347,0.00389,0.104,0.535,112.067,Have_A_Great_Day
1,Running Up That Hill (A Deal With God) - 2018 Remaster,29d0nY7TzCoi22XBqDQkiP,Hounds of Love (2018 Remaster),Kate Bush,1aSxMhuvixZ8h9dK9jIDwL,"['art pop', 'art rock', 'baroque pop', 'new wave pop', 'permanent wave', 'piano rock', 'singer-songwriter']",300840,87,False,0.625,0.533,10,-11.903,0,0.0596,0.659,0.00266,0.0546,0.139,108.296,Have_A_Great_Day
2,Mr. Brightside,003vvx7Niy0yvhvHt4a68B,Hot Fuss,The Killers,0C0XlULifJtAgn6ZNCW2eu,"['alternative rock', 'dance rock', 'permanent wave', 'rock']",222973,86,False,0.352,0.911,1,-5.23,1,0.0747,0.00121,0.0,0.0995,0.236,148.033,Have_A_Great_Day
3,Take on Me,2WfaOiMkCvy7F5fcp2zZ8L,Hunting High and Low,a-ha,2jzc5TC5TVFLXQlBNiIUzE,"['new romantic', 'new wave', 'new wave pop', 'permanent wave', 'soft rock', 'synthpop']",225280,86,False,0.573,0.902,6,-7.638,0,0.054,0.018,0.00125,0.0928,0.876,84.412,Have_A_Great_Day
4,Viva La Vida,1mea3bSkSGXuIRvnydlB5b,Viva La Vida or Death and All His Friends,Coldplay,4gzpq5DPGxSnKTe4SA8HAU,"['permanent wave', 'pop']",242373,85,False,0.486,0.617,5,-7.115,0,0.0287,0.0954,3.23e-06,0.109,0.417,138.015,Have_A_Great_Day
5,I'm Still Standing,1jDJFeK9x3OZboIAHsY9k2,Too Low For Zero,Elton John,3PhoLpVuITZKcymswpck5b,"['glam rock', 'mellow gold', 'piano rock']",183440,84,False,0.504,0.904,6,-6.863,1,0.179,0.356,0.121,0.14,0.772,176.808,Have_A_Great_Day
6,Africa,2374M0fQpWi3dLnB54qaLX,Toto IV,TOTO,0PFtn5NtBbbUNbU9EAmIWF,"['album rock', 'classic rock', 'mellow gold', 'rock', 'soft rock', 'yacht rock']",295893,84,False,0.671,0.373,9,-18.064,1,0.0323,0.257,8.01e-05,0.0481,0.732,92.718,Have_A_Great_Day
7,Dreams - 2004 Remaster,0ofHAoxe9vBkTCp2UQIavz,Rumours (Super Deluxe),Fleetwood Mac,08GQAI4eElDnROBrJRGE0X,"['album rock', 'classic rock', 'rock', 'soft rock', 'yacht rock']",257800,84,False,0.828,0.492,0,-9.744,1,0.0276,0.0644,0.00428,0.128,0.789,120.151,Have_A_Great_Day
8,Dancing Queen,0GjEhVFGZW8afUYGChu3Rr,Arrival,ABBA,0LcJLqbBmaGUft1e9Mm8HV,"['europop', 'swedish pop']",230400,84,False,0.543,0.87,9,-6.514,1,0.0428,0.358,0.000939,0.792,0.754,100.804,Have_A_Great_Day
9,Shut Up and Dance,4kbj5MwxO1bq9wjT5g9HaA,TALKING IS HARD,WALK THE MOON,6DIS6PRrLS3wbnZsf7vYic,"['dance rock', 'indie poptimism', 'modern alternative rock', 'modern rock', 'pop rock', 'rock']",199080,84,False,0.578,0.866,1,-3.804,1,0.0619,0.00701,0.0,0.257,0.619,128.038,Have_A_Great_Day
10,September,2grjqo0Frpf2okIBiifQKs,"The Best Of Earth, Wind & Fire Vol. 1","Earth, Wind & Fire",4QQgXkCYTt3BlENzhyNETg,"['disco', 'funk', 'jazz funk', 'quiet storm', 'soul']",215093,83,False,0.697,0.832,9,-7.264,1,0.0298,0.168,0.00131,0.269,0.979,125.926,Have_A_Great_Day
11,"Hey, Soul Sister",4HlFJV71xXKIGcU3kRyttv,"Save Me, San Francisco (Golden Gate Edition)",Train,3FUY2gzHeIiaesXtOAdB7A,"['dance pop', 'neo mellow', 'pop', 'pop rock']",216773,83,False,0.673,0.886,1,-4.44,0,0.0431,0.185,0.0,0.0826,0.795,97.012,Have_A_Great_Day
12,Here Comes The Sun - Remastered 2009,6dGnYIeXmHdcikdzNNDMm2,Abbey Road (Remastered),The Beatles,3WrFJ7ztbogyGnTHbHJFl2,"['beatlesque', 'british invasion', 'classic rock', 'merseybeat', 'psychedelic rock', 'rock']",185733,83,False,0.557,0.54,9,-10.484,1,0.0347,0.0339,0.00248,0.179,0.394,129.171,Have_A_Great_Day
13,Summer Of '69,0GONea6G2XdnHWjNZd6zt3,Reckless (30th Anniversary / Deluxe Edition),Bryan Adams,3Z02hBLubJxuFJfhacLSDc,"['canadian pop', 'canadian singer-songwriter', 'classic canadian rock', 'heartland rock', 'mellow gold', 'soft rock']",216053,82,False,0.508,0.834,2,-6.205,1,0.0386,0.0183,0.0,0.0732,0.774,139.131,Have_A_Great_Day
14,Ain't No Mountain High Enough,7tqhbajSfrz2F7E1Z75ASX,United,Marvin Gaye,3koiLjNrgRTNbOwViDipeA,"['classic soul', 'funk', 'indie r&b', 'motown', 'northern soul', 'quiet storm', 'soul']",151666,82,False,0.663,0.6,7,-10.87,1,0.032,0.43,0.0,0.184,0.8,129.991,Have_A_Great_Day
15,Hey Ya!,2PpruBYCo4H7WOBJ7Q2EwM,Speakerboxxx/The Love Below,Outkast,1G9G7WwrXka3Z1r7aIDjI7,"['atl hip hop', 'dirty south rap', 'hip hop', 'old school atlanta hip hop', 'pop rap', 'rap', 'southern hip hop']",235213,82,False,0.727,0.974,4,-2.261,0,0.0664,0.103,0.000532,0.174,0.965,79.526,Have_A_Great_Day
16,"Rocket Man (I Think It's Going To Be A Long, Long Time)",3gdewACMIVMEWVbyb8O9sY,Honky Chateau,Elton John,3PhoLpVuITZKcymswpck5b,"['glam rock', 'mellow gold', 'piano rock']",281613,81,False,0.601,0.532,10,-9.119,1,0.0286,0.432,6.25e-06,0.0925,0.341,136.571,Have_A_Great_Day
17,Mr. Blue Sky,2RlgNHKcydI9sayD2Df2xp,Out of the Blue,Electric Light Orchestra,7jefIIksOi1EazgRTfW2Pk,"['album rock', 'art rock', 'beatlesque', 'classic rock', 'glam rock', 'mellow gold', 'rock', 'soft rock', 'symphonic rock']",303373,81,False,0.388,0.338,10,-10.054,1,0.0329,0.652,3.73e-06,0.248,0.478,177.765,Have_A_Great_Day
18,What's Up?,0jWgAnTrNZmOGmqgvHhZEm,"Bigger, Better, Faster, More !",4 Non Blondes,0Je74SitssvJg1w4Ra2EK7,"['new wave pop', 'pop rock']",295533,81,False,0.565,0.564,2,-10.044,1,0.0292,0.161,0.0,0.114,0.454,134.355,Have_A_Great_Day
19,I'm Yours,1EzrEOXmMH3G43AXT1y7pA,We Sing. We Dance. We Steal Things.,Jason Mraz,4phGZZrJZRo4ElhRtViYdl,"['acoustic pop', 'neo mellow', 'pop', 'pop rock']",242946,81,False,0.703,0.444,11,-9.331,1,0.0417,0.559,0.0,0.0973,0.712,150.96,Have_A_Great_Day
20,Stayin Alive,5ubvP9oKmxLUVq506fgLhk,How Can You Mend A Broken Heart,Bee Gees,1LZEQNv7sE11VDY3SdxQeN,"['disco', 'mellow gold', 'soft rock']",285373,80,False,0.702,0.773,10,-9.256,0,0.0343,0.0288,0.00871,0.147,0.953,103.564,Have_A_Great_Day
21,Best Day Of My Life,5Hroj5K7vLpIG4FNCRIjbP,"Oh, What A Life",American Authors,0MlOPi3zIDMVrfA9R04Fe3,"['indie poptimism', 'modern rock', 'pop rock']",194240,80,False,0.673,0.902,2,-2.392,1,0.0346,0.0591,0.000262,0.0558,0.538,100.012,Have_A_Great_Day
22,Brown Eyed Girl,3yrSvpt2l1xhsV9Em88Pul,Blowin' Your Mind!,Van Morrison,44NX2ffIYHr6D4n7RaZF7A,"['classic rock', 'folk rock', 'mellow gold', 'rock', 'roots rock', 'singer-songwriter', 'soft rock']",183306,80,False,0.491,0.583,7,-10.964,1,0.0376,0.185,0.0,0.406,0.908,150.566,Have_A_Great_Day
23,Wake Me Up Before You Go-Go,0ikz6tENMONtK6qGkOrU3c,Make It Big,Wham!,5lpH0xAS4fVfLkACg9DAuM,"['dance pop', 'disco', 'europop', 'mellow gold', 'new romantic', 'new wave', 'new wave pop', 'soft rock', 'synthpop']",231333,80,False,0.62,0.573,0,-11.893,1,0.0423,0.271,0.0,0.0607,0.897,81.548,Have_A_Great_Day
24,Walking On Sunshine,05wIrZSwuaVWhcv5FfqeH0,Katrina & The Waves,Katrina & The Waves,2TzHIUhVpeeDxyJPpQfnV3,['new wave pop'],238733,80,False,0.596,0.869,10,-11.97,1,0.037,0.0116,0.173,0.0678,0.944,109.902,Have_A_Great_Day
25,My Girl,745H5CctFr12Mo7cqa1BMH,The Temptations Sing Smokey,The Temptations,3RwQ26hR2tJtA8F9p2n7jG,"['classic soul', 'funk', 'memphis soul', 'motown', 'soul']",165000,80,False,0.572,0.418,0,-10.738,1,0.0349,0.635,0.0,0.0961,0.694,104.566,Have_A_Great_Day
26,Tongue Tied,0GO8y8jQk1PkHzS31d699N,Never Trust a Happy Song,Grouplove,3kVUvbeRdcrqQ3oHk5hPdx,"['indie poptimism', 'indie rock', 'indietronica', 'la indie', 'modern alternative rock', 'modern rock', 'rock']",218013,80,False,0.56,0.936,3,-5.835,1,0.0439,0.00847,0.0,0.161,0.371,112.96,Have_A_Great_Day
27,Uptown Girl,5zA8vzDGqPl2AzZkEYQGKh,An Innocent Man,Billy Joel,6zFYqv1mOsgBRQbae3JJ9e,"['classic rock', 'folk rock', 'mellow gold', 'piano rock', 'rock', 'singer-songwriter', 'soft rock']",197706,80,False,0.701,0.944,4,-2.986,1,0.0455,0.0755,0.0,0.601,0.792,128.993,Have_A_Great_Day
28,Girls Just Want to Have Fun,4y1LsJpmMti1PfRQV9AWWe,She's So Unusual,Cyndi Lauper,2BTZIqw0ntH9MvilQ3ewNY,"['disco', 'new wave pop', 'permanent wave', 'soft rock']",238266,80,False,0.71,0.799,6,-4.897,1,0.0328,0.22,0.000602,0.349,0.725,120.372,Have_A_Great_Day
29,Sweet Caroline,62AuGbAkt8Ox2IrFFb8GKV,Sweet Caroline,Neil Diamond,7mEIug7XUlQHikrFxjTWes,"['adult standards', 'brill building pop', 'classic rock', 'folk rock', 'mellow gold', 'singer-songwriter', 'soft rock', 'yacht rock']",203573,79,False,0.529,0.127,11,-16.066,1,0.0274,0.611,0.000109,0.237,0.578,63.05,Have_A_Great_Day
30,Drops of Jupiter (Tell Me),2hKdd3qO7cWr2Jo0Bcs0MA,Drops Of Jupiter,Train,3FUY2gzHeIiaesXtOAdB7A,"['dance pop', 'neo mellow', 'pop', 'pop rock']",259933,79,False,0.481,0.638,0,-5.862,1,0.0276,0.153,0.0,0.154,0.497,79.064,Have_A_Great_Day
31,Don't Go Breaking My Heart,7HW5WIw7ZgZORCzUxv5gW5,Rock Of The Westies,Elton John,3PhoLpVuITZKcymswpck5b,"['glam rock', 'mellow gold', 'piano rock']",275440,79,False,0.729,0.844,5,-8.824,1,0.0344,0.149,2.87e-06,0.0604,0.777,131.459,Have_A_Great_Day
32,Dancing In the Dark,7FwBtcecmlpc1sLySPXeGE,Born In The U.S.A.,Bruce Springsteen,3eqjTLE0HfPfh78zjh6TqT,"['classic rock', 'heartland rock', 'mellow gold', 'permanent wave', 'rock', 'singer-songwriter']",241306,79,False,0.527,0.942,1,-5.64,0,0.0366,0.0115,0.0,0.188,0.495,148.723,Have_A_Great_Day
33,The Boys Of Summer,4gvea7UlDkAvsJBPZAd4oB,Building The Perfect Beast,Don Henley,5dbuFbrHa1SJlQhQX9OUJ2,"['album rock', 'classic rock', 'country rock', 'folk rock', 'heartland rock', 'mellow gold', 'new wave pop', 'pop rock', 'rock', 'singer-songwriter', 'soft rock', 'yacht rock']",288733,78,False,0.516,0.549,6,-13.741,1,0.0373,0.501,0.00572,0.184,0.907,176.941,Have_A_Great_Day
34,Three Little Birds,75FYqcxt1YEAtqDLrOeIJn,Exodus,Bob Marley & The Wailers,2QsynagSdAqZj3U9HgDzjD,"['reggae', 'roots reggae']",180266,78,False,0.826,0.49,9,-10.477,1,0.0676,0.00916,4.41e-06,0.0415,0.627,74.126,Have_A_Great_Day
35,Mr. Jones,5DiXcVovI0FcY2s0icWWUu,August And Everything After,Counting Crows,0vEsuISMWAKNctLlUAhSZC,"['alternative rock', 'neo mellow', 'pop rock', 'rock']",272293,78,False,0.578,0.817,0,-6.542,1,0.0363,0.183,3.06e-06,0.285,0.726,141.621,Have_A_Great_Day
36,Everywhere - 2017 Remaster,254bXAqt3zP6P50BdQvEsq,Tango In the Night (Deluxe Edition),Fleetwood Mac,08GQAI4eElDnROBrJRGE0X,"['album rock', 'classic rock', 'rock', 'soft rock', 'yacht rock']",226653,78,False,0.73,0.487,4,-10.991,1,0.0303,0.258,0.01,0.0852,0.731,114.965,Have_A_Great_Day
37,Tiny Dancer,2TVxnKdb3tqe1nhQWwwZCO,Madman Across The Water,Elton John,3PhoLpVuITZKcymswpck5b,"['glam rock', 'mellow gold', 'piano rock']",377093,78,False,0.414,0.428,0,-11.097,1,0.0278,0.382,0.000243,0.148,0.282,145.075,Have_A_Great_Day
38,Dancing in the Moonlight,3Fzlg5r1IjhLk2qRw667od,Onka's Big Moka,Toploader,6xeFne1rkxMhKSW3ipvkdV,['british alternative rock'],232693,78,False,0.632,0.856,10,-3.463,1,0.0348,0.0624,0.0,0.347,0.867,119.397,Have_A_Great_Day
39,Put Your Records On,2nGFzvICaeEWjIrBrL2RAx,Corinne Bailey Rae,Corinne Bailey Rae,29WzbAQtDnBJF09es0uddn,"['british soul', 'neo mellow', 'neo soul', 'pop soul', 'r&b', 'soul']",215360,78,False,0.739,0.511,9,-7.844,1,0.0362,0.167,1.34e-06,0.133,0.542,96.038,Have_A_Great_Day
40,Love Grows (Where My Rosemary Goes),5Ts1DYOuouQLgzTaisxWYh,Love Grows (Where My Rosemary Goes) & Other Gems,Edison Lighthouse,1NRzxuPpdGushT8YmF5NAa,['bubblegum pop'],174760,78,False,0.568,0.824,9,-4.613,1,0.0299,0.403,0.0,0.0855,0.753,108.625,Have_A_Great_Day
41,You Can't Hurry Love - 2016 Remaster,4YwbSZaYeYja8Umyt222Qf,"Hello, I Must Be Going! (Deluxe Edition)",Phil Collins,4lxfqrEsLX6N1N4OCSkILp,"['mellow gold', 'rock drums', 'soft rock']",175746,77,False,0.62,0.936,7,-4.593,1,0.0308,0.0261,0.0,0.0679,0.763,97.527,Have_A_Great_Day
42,Escape (The Pina Colada Song),5IMtdHjJ1OtkxbGe4zfUxQ,Partners In Crime,Rupert Holmes,0TqIPD4IS1w4e30R38B3vj,"['soft rock', 'yacht rock']",276493,77,False,0.836,0.509,0,-13.668,1,0.0548,0.467,4.1e-06,0.0436,0.949,138.714,Have_A_Great_Day
43,Don't You (Forget About Me),3fH4KjXFYMmljxrcGrbPj9,Once Upon A Time (Super Deluxe),Simple Minds,6hN9F0iuULZYWXppob22Aj,"['art rock', 'dance rock', 'mellow gold', 'new romantic', 'new wave', 'new wave pop', 'pop rock', 'rock', 'scottish new wave', 'soft rock', 'synthpop']",263040,77,False,0.66,0.816,2,-6.61,1,0.0299,0.168,0.0181,0.0608,0.678,111.346,Have_A_Great_Day
44,Landslide,5ihS6UUlyQAfmp48eSkxuQ,Fleetwood Mac,Fleetwood Mac,08GQAI4eElDnROBrJRGE0X,"['album rock', 'classic rock', 'rock', 'soft rock', 'yacht rock']",199493,78,False,0.414,0.161,7,-22.32,0,0.0318,0.883,0.000223,0.117,0.423,159.375,Have_A_Great_Day
45,Are You Gonna Be My Girl,305WCRhhS10XUcH6AEwZk6,Get Born,Jet,5ypxebeHEIXjMtJb17uJlI,"['alternative rock', 'modern rock', 'rock']",213800,76,False,0.613,0.953,2,-3.435,1,0.0855,0.00148,0.000582,0.152,0.537,105.046,Have_A_Great_Day
46,One,3G69vJMWsX6ZohTykad2AU,Achtung Baby (Deluxe Edition),U2,51Blml2LZPmy7TTiAg47vQ,"['irish rock', 'permanent wave', 'rock']",276186,76,False,0.392,0.534,0,-8.793,1,0.0369,0.245,0.00104,0.155,0.325,181.305,Have_A_Great_Day
47,Stacy's Mom,27L8sESb3KR79asDUBu8nW,Welcome Interstate Managers,Fountains Of Wayne,1pgtr4nhBQjp9oCUBPyYWh,"['alternative rock', 'pop rock', 'power pop']",197986,76,False,0.774,0.75,11,-4.927,0,0.0412,0.00207,1.78e-05,0.0808,0.927,118.015,Have_A_Great_Day
48,Spirit In The Sky,0jvN7eQJJt4nxQzgQfZ1SP,Spirit In The Sky,Norman Greenbaum,7f8LNBVXN0h35veHrpxQFL,['classic rock'],242893,76,False,0.609,0.617,9,-7.091,1,0.0307,0.0994,0.00404,0.118,0.543,128.903,Have_A_Great_Day
49,Come On Eileen,3MrWxJaD2AT0W9DjWF64Vm,Too Rye Ay,Dexys Midnight Runners,4QTVePrFu1xuGM9K0kNXkk,"['new romantic', 'new wave', 'new wave pop', 'ska']",287306,76,False,0.45,0.656,2,-7.049,1,0.0472,0.664,3.02e-06,0.259,0.782,106.61,Have_A_Great_Day
50,Come and Get Your Love - Single Version,7GVUmCP00eSsqc4tzj1sDD,Come and Get Your Love,Redbone,0w7HLMvZOHatWVbAKee1zF,"['native american', 'native american contemporary']",205933,76,False,0.731,0.804,11,-7.621,0,0.0473,0.172,0.00028,0.0685,0.957,107.383,Have_A_Great_Day
51,Listen to the Music,7Ar4G7Ci11gpt6sfH9Cgz5,Toulouse Street,The Doobie Brothers,39T6qqI0jDtSWWioX8eGJz,"['album rock', 'blues rock', 'classic rock', 'country rock', 'folk rock', 'hard rock', 'heartland rock', 'mellow gold', 'rock', 'singer-songwriter', 'soft rock', 'yacht rock']",227266,76,False,0.645,0.598,1,-13.18,0,0.0335,0.221,3.53e-06,0.0721,0.913,105.929,Have_A_Great_Day
52,Young Folks,4dyx5SzxPPaD8xQIid5Wjj,Writer's Block,Peter Bjorn and John,6u11Qbko2N2hP4lTBYjX86,"['alternative dance', 'alternative rock', 'baroque pop', 'indie rock', 'modern rock', 'new rave', 'stomp and holler', 'swedish alternative rock', 'swedish indie pop']",276693,76,False,0.699,0.812,0,-6.005,1,0.0377,0.0164,0.000763,0.105,0.662,138.185,Have_A_Great_Day
53,You Can Call Me Al,0qxYx4F3vm1AOnfux6dDxP,Graceland (25th Anniversary Deluxe Edition),Paul Simon,2CvCyf1gEVhI0mX6aFXmVI,"['classic rock', 'folk', 'folk rock', 'mellow gold', 'permanent wave', 'rock', 'roots rock', 'singer-songwriter', 'soft rock']",280000,76,False,0.776,0.763,5,-8.124,1,0.0534,0.182,0.00647,0.077,0.82,128.433,Have_A_Great_Day
54,"Signed, Sealed, Delivered (I'm Yours)",2eF8pWbiivYsYRpbntYsnc,"Signed, Sealed And Delivered",Stevie Wonder,7guDJrEfX3qb6FEbdPA5qi,"['funk', 'indie r&b', 'motown', 'quiet storm', 'soul']",161160,76,False,0.675,0.597,5,-11.329,1,0.0337,0.0534,0.0,0.0986,0.828,108.875,Have_A_Great_Day
55,Dreams,4JGKZS7h4Qa16gOU3oNETV,"Everybody Else Is Doing It, So Why Can't We?",The Cranberries,7t0rwkOPGlDPEhaOcVtOt9,"['irish rock', 'pop rock']",271560,76,False,0.551,0.643,4,-13.091,1,0.0353,0.00313,0.00385,0.421,0.514,128.661,Have_A_Great_Day
56,Centerfold,1ynmMEK1fkyiZ6Z6F3ThEt,Freeze Frame,The J. Geils Band,69Mj3u4FTUrpyeGNSIaU6F,"['album rock', 'art rock', 'blues rock', 'classic rock', 'country rock', 'folk rock', 'hard rock', 'mellow gold', 'new wave pop', 'pop rock', 'rock', 'singer-songwriter', 'soft rock']",216533,75,False,0.653,0.677,0,-12.244,1,0.0396,0.249,0.0,0.403,0.888,114.37,Have_A_Great_Day
57,Twist And Shout - Remastered 2009,5ZBeML7Lf3FMEVviTyvi8l,Please Please Me (Remastered),The Beatles,3WrFJ7ztbogyGnTHbHJFl2,"['beatlesque', 'british invasion', 'classic rock', 'merseybeat', 'psychedelic rock', 'rock']",155226,75,False,0.482,0.849,2,-9.198,1,0.0452,0.641,7.74e-06,0.0414,0.937,124.631,Have_A_Great_Day
58,You Get What You Give,1Cwsd5xI8CajJz795oy4XF,Maybe You've Been Brainwashed Too,New Radicals,0Grjlu7ncIuCaSYvCs9fcd,['pop rock'],300773,75,False,0.621,0.901,2,-5.396,1,0.0302,0.17,0.0,0.0875,0.744,113.967,Have_A_Great_Day
59,Brandy (You're a Fine Girl),2BY7ALEWdloFHgQZG6VMLA,Looking Glass,Looking Glass,5jJN1nmKXzRjodMl1THQeI,"['soft rock', 'sunshine pop']",186826,75,False,0.716,0.625,1,-11.369,0,0.0601,0.396,1.97e-05,0.134,0.826,125.276,Have_A_Great_Day
60,"Take Me Home, Country Roads",1QbOvACeYanja5pbnJbAmk,"The John Denver Collection, Vol 1: Take Me Home Country Roads",John Denver,7EK1bQADBoqbYXnT4Cqv9w,"['classic country pop', 'folk', 'folk rock', 'mellow gold', 'singer-songwriter', 'soft rock']",197813,75,False,0.38,0.43,9,-12.564,1,0.0288,0.546,1.71e-05,0.188,0.547,82.204,Have_A_Great_Day
61,Faith - Remastered,0HEmnAUT8PHznIAAmVXqFJ,Faith,George Michael,19ra5tSw0tWufvUp8GotLo,['dance pop'],193200,75,False,0.887,0.48,11,-11.994,1,0.117,0.0094,3.58e-05,0.0662,0.607,95.846,Have_A_Great_Day
62,I'm a Believer - 2006 Remaster,3G7tRC24Uh09Hmp1KZ7LQ2,More of The Monkees (Deluxe Edition),The Monkees,320EPCSEezHt1rtbfwH6Ck,"['beatlesque', 'brill building pop', 'bubblegum pop', 'classic rock', 'folk rock', 'mellow gold', 'psychedelic rock', 'rock', 'singer-songwriter', 'soft rock', 'sunshine pop']",167373,75,False,0.526,0.775,0,-6.05,1,0.0352,0.707,2.05e-05,0.217,0.962,80.106,Have_A_Great_Day
63,Let's Stay Together,63xdwScd1Ai1GigAwQxE8y,Let's Stay Together,Al Green,3dkbV4qihUeMsqN4vBGg93,"['classic soul', 'funk', 'memphis soul', 'quiet storm', 'soul', 'soul blues', 'southern soul']",199396,75,False,0.756,0.401,7,-10.702,0,0.0526,0.582,0.011,0.0541,0.514,101.954,Have_A_Great_Day
64,The Joker,1bp2IO61zbQrbWNmKKxg3f,The Joker,Steve Miller Band,6QtGlUje9TIkLrgPZrESuk,"['album rock', 'blues rock', 'classic rock', 'country rock', 'folk rock', 'hard rock', 'heartland rock', 'mellow gold', 'psychedelic rock', 'rock', 'singer-songwriter', 'soft rock']",264503,75,False,0.596,0.448,5,-9.616,1,0.0396,0.365,5.3e-06,0.206,0.796,83.293,Have_A_Great_Day
65,Bennie And The Jets - Remastered 2014,5Wj1rJnCLpMHdLaxsFtJLs,Goodbye Yellow Brick Road (Remastered),Elton John,3PhoLpVuITZKcymswpck5b,"['glam rock', 'mellow gold', 'piano rock']",322548,74,False,0.665,0.673,0,-7.95,1,0.0493,0.259,7.62e-06,0.497,0.779,132.642,Have_A_Great_Day
66,You Can't Hurry Love,1OppEieGNdItZbE14gLBEv,The Supremes A' Go-Go (Expanded Edition),The Supremes,57bUPid8xztkieZfS7OlEV,"['brill building pop', 'classic girl group', 'disco', 'funk', 'motown', 'quiet storm', 'soul']",167933,74,False,0.63,0.711,10,-9.34,1,0.0472,0.299,0.0,0.0813,0.659,96.912,Have_A_Great_Day
67,Red Red Wine,4uOKFydzAejjSFqYbv1XPt,The Very Best Of,UB40,69MEO1AADKg1IZrq2XLzo5,"['reggae fusion', 'uk reggae']",183733,74,False,0.857,0.468,1,-8.53,1,0.0476,0.00414,1.32e-05,0.269,0.843,89.119,Have_A_Great_Day
68,Build Me Up Buttercup - Mono,6sPOmDulFtLzfX25zICNrC,The Foundations,The Foundations,4GITZM5LCR2KcdlgEOrNLD,"['brill building pop', 'bubblegum pop', 'rock-and-roll', 'soul']",177533,74,False,0.659,0.513,0,-7.186,1,0.0293,0.315,0.0,0.283,0.855,133.609,Have_A_Great_Day
69,Cecilia,6QhXQOpyYvbpdbyjgAqKdY,Bridge Over Troubled Water,Simon & Garfunkel,70cRZdQywnSFp9pnc2WTCE,"['classic rock', 'folk', 'folk rock', 'melancholia', 'mellow gold', 'rock']",174826,74,False,0.755,0.876,0,-8.867,1,0.0362,0.357,5.17e-06,0.22,0.954,102.762,Have_A_Great_Day
70,Don't Stop Me Now - Remastered 2011,7hQJA50XrCWABAu5v6QZ4i,Jazz (Deluxe Remastered Version),Queen,1dfeR4HaWDbWqFHLkxsg1d,"['classic rock', 'glam rock', 'rock']",209413,74,False,0.563,0.865,5,-5.277,1,0.16,0.0472,0.000191,0.77,0.601,156.271,Have_A_Great_Day
71,I'm Gonna Be (500 Miles),67iAlVNDDdddxqSD2EZhFs,Sunshine on Leith,The Proclaimers,1A92IAcd7A6npCA33oGM5i,"['celtic rock', 'scottish rock']",219466,74,False,0.851,0.551,4,-5.177,1,0.0396,0.151,0.0,0.0827,0.807,131.922,Have_A_Great_Day
72,Reelin' In The Years,1I7zHEdDx8Ny5RxzYPqsU2,Can't Buy A Thrill,Steely Dan,6P7H3ai06vU1sGvdpBwDmE,"['album rock', 'art rock', 'classic rock', 'country rock', 'folk rock', 'mellow gold', 'psychedelic rock', 'rock', 'soft rock', 'yacht rock']",275466,74,False,0.523,0.758,2,-9.81,1,0.0403,0.133,0.0,0.0952,0.766,135.437,Have_A_Great_Day
73,Don't Stop - 2004 Remaster,4bEb3KE4mSKlTFjtWJQBqO,Rumours,Fleetwood Mac,08GQAI4eElDnROBrJRGE0X,"['album rock', 'classic rock', 'rock', 'soft rock', 'yacht rock']",193346,73,False,0.671,0.71,9,-7.724,1,0.0356,0.0393,1.12e-05,0.0387,0.834,118.745,Have_A_Great_Day
74,This Will Be (An Everlasting Love),0PDCewmZCp0P5s00bptcdd,Inseparable,Natalie Cole,5tTsrGPwQRWUsHR2Xf7Ke9,"['adult standards', 'lounge', 'mellow gold', 'quiet storm', 'soul', 'vocal jazz']",171960,73,False,0.685,0.623,8,-11.146,1,0.042,0.228,0.00234,0.0295,0.896,126.739,Have_A_Great_Day
75,Don't Stop Believin',77NNZQSqzLNqh2A9JhLRkg,The Essential Journey,Journey,0rvjqX7ttXeg3mTy8Xscbt,"['album rock', 'classic rock', 'hard rock', 'mellow gold', 'rock', 'soft rock']",248906,73,False,0.491,0.802,4,-7.106,1,0.0392,0.25,0.0,0.387,0.472,119.25,Have_A_Great_Day
76,Got My Mind Set On You - Remastered 2004,3OeUlriM0EZHdWleJtjoVr,Cloud Nine,George Harrison,7FIoB5PHdrMZVC3q2HE5MS,"['album rock', 'beatlesque', 'classic rock', 'folk rock', 'mellow gold', 'rock', 'singer-songwriter', 'soft rock']",234653,73,False,0.767,0.854,4,-6.947,1,0.0426,0.465,2.03e-06,0.485,0.963,149.206,Have_A_Great_Day
77,You Sexy Thing,714hERk9U1W8FMYkoC83CO,Hot Chocolate,Hot Chocolate,72VzFto8DYvKHocaHYNWSi,"['classic uk pop', 'disco', 'soft rock']",244920,73,False,0.791,0.733,5,-5.465,1,0.0633,0.523,0.0016,0.167,0.962,105.853,Have_A_Great_Day
78,I Try,5TAf4lnZCZTLlZHNZMLFLi,On How Life Is,Macy Gray,4ylR3zwA0zaapAu94fktwa,"['neo soul', 'soul']",239440,73,False,0.593,0.642,2,-7.284,1,0.0299,0.313,0.000582,0.0804,0.736,76.403,Have_A_Great_Day
79,Alright,5xC8uOesnn0udeXAYlAnoY,I Should Coco,Supergrass,0sHeX8oQ6o7xic3wMf4NBU,"['alternative rock', 'britpop', 'modern rock', 'oxford indie', 'pop rock', 'rock']",180880,73,False,0.467,0.958,4,-4.808,0,0.0775,0.000479,0.199,0.299,0.701,145.92,Have_A_Great_Day
0,Good Days,3YJJjQPAbDT7mGpX3WtQ9A,Good Days,SZA,7tYKF4w9nC0nq9CsPZTHyP,"['pop', 'r&b', 'rap']",279204,83,True,0.436,0.655,1,-8.37,0,0.0583,0.499,8.1e-06,0.688,0.412,121.002,Good_Vibes
1,Vibe Like This (feat. Ty Dolla $ign & Lucky Daye),3e4QIt4wVVqsCqMqKxOrZd,Vibe Like This (feat. Ty Dolla $ign & Lucky Daye),SG Lewis,0GG2cWaonE4JPrjcCCQ1EG,"['indie soul', 'uk dance']",227435,67,True,0.539,0.835,10,-4.118,0,0.259,0.00263,0.0,0.344,0.771,98.898,Good_Vibes
2,The Spins,7qfZ0ViYLmV3MKeZ0Z7htT,K.I.D.S. (Deluxe),Mac Miller,4LLpKhyESsyAXpc4laK94U,"['hip hop', 'pittsburgh rap', 'rap']",195873,64,True,0.794,0.766,9,-3.894,0,0.0377,0.0135,0.0,0.0785,0.55,127.007,Good_Vibes
4,Teenage Dream,3Y2MvObZdPakD1X71KOxCD,Teenage Dream,Stephen Dawes,3jTU1IOqkO7Mz4zdbXPose,[],177857,77,False,0.615,0.361,10,-9.57,1,0.028,0.38,0.0,0.0844,0.244,111.991,Good_Vibes
5,Happy Music,3rh495Z2rIRwD316blea4f,Happy Music / Something on My Mind,Supershy,2hk94pAZS1iYSqoICeTyh1,['indie soul'],232625,65,False,0.777,0.738,11,-5.861,0,0.0352,0.0411,0.37,0.0265,0.887,123.991,Good_Vibes
6,Calm Down (with Selena Gomez),0WtM2NBVQNNJLh6scP13H8,Calm Down (with Selena Gomez),Rema,46pWGuE3dSwY3bMMXGBvVS,['nigerian pop'],239317,91,False,0.801,0.806,11,-5.206,1,0.0381,0.382,0.000669,0.114,0.802,106.999,Good_Vibes
7,AMAZING,6FtIK0IkmG33lKbc1pyAlZ,AMAZING,Rex Orange County,7pbDxGE6nQSZVfiFdq9lOL,"['bedroom pop', 'pop']",209200,79,False,0.719,0.461,8,-8.191,1,0.0454,0.279,0.0,0.0875,0.548,123.915,Good_Vibes
8,I'm in Love,2k2AJgV5PAA4pIl9jdJxqz,I'm in Love,Ted Fresco,2lH1vV1rGOw0ETBmnTAyvZ,[],196343,1,False,0.728,0.756,10,-5.351,1,0.0309,0.31,0.00256,0.147,0.722,139.335,Good_Vibes
9,Sunshine (feat. Fousheé),0mRbKcvmbbUtfFyfeFHCJa,Sunshine (feat. Fousheé),Steve Lacy,57vWImR43h4CaDao012Ofp,"['afrofuturism', 'pop']",293426,69,False,0.695,0.69,1,-5.805,0,0.0233,0.0328,0.697,0.113,0.741,92.977,Good_Vibes
12,High Heels,7HH2qGXywdgAn5b2WHnkQq,High Heels,Flo Rida,0jnsk9HBra6NMjO2oANoPY,"['dance pop', 'miami hip hop', 'pop', 'pop rap']",155032,28,False,0.794,0.64,1,-5.745,1,0.0306,0.0791,0.0,0.0812,0.851,110.058,Good_Vibes
14,World's Smallest Violin,3jHBgKdLCf46aP3HRI0WYv,OK ORCHESTRA,AJR,6s22t5Y3prQHyaHWUN1R1C,['modern rock'],180742,79,False,0.68,0.696,5,-6.977,1,0.051,0.116,0.0,0.607,0.684,115.962,Good_Vibes
16,Slide (feat. Frank Ocean & Migos),7tr2za8SQg2CI8EDgrdtNl,Funk Wav Bounces Vol.1,Calvin Harris,7CajNmpbOovFoOoasH2HaY,"['dance pop', 'edm', 'electro house', 'house', 'pop', 'progressive house', 'uk dance']",230813,73,True,0.736,0.795,1,-3.299,0,0.0545,0.498,1.21e-06,0.254,0.511,104.066,Good_Vibes
17,Summer In New York,5kyJ6sznnWACqHbw65p34Q,WET TENNIS,Sofi Tukker,586uxXMyD5ObPuzjtrzO1Q,[],158549,71,False,0.706,0.77,10,-6.224,0,0.0653,0.397,1.84e-05,0.209,0.967,117.075,Good_Vibes
18,Big Energy (feat. DJ Khaled) - Remix,4nmD4awtUUCC4AGETpUiuP,Big Energy (feat. DJ Khaled) [Remix],Latto,3MdXrJWsbVzdn6fe5JYkSQ,"['pop', 'rap', 'trap queen']",181665,73,True,0.867,0.771,11,-3.688,0,0.0939,0.0385,0.0,0.133,0.715,106.021,Good_Vibes
19,Better Thangs (with Summer Walker),5ToBvPG8kVJ70jXGvealFs,Better Thangs,Ciara,2NdeV5rLm47xAvogXrYhJX,"['dance pop', 'hip pop', 'pop', 'post-teen pop', 'r&b', 'urban contemporary']",214352,64,True,0.854,0.786,11,-4.565,0,0.136,0.154,0.0,0.0825,0.498,120.006,Good_Vibes
21,Day By Day,7t6NSZQArTCYimaQmfwS0S,Trail Mix Tape,grentperez,73BLwSX6gsNeVzS7DgI4xe,['chill r&b'],187850,59,False,0.617,0.709,1,-6.818,1,0.0736,0.676,0.00216,0.0657,0.899,162.036,Good_Vibes
23,Heat Waves,6CDzDgIUqeDY5g8ujExx2f,Heat Waves,Glass Animals,4yvcSjfu4PC0CYQyLy4wSq,"['gauze pop', 'indietronica', 'shiver pop']",238805,85,False,0.761,0.525,11,-6.9,1,0.0944,0.44,6.7e-06,0.0921,0.531,80.87,Good_Vibes
24,I'm In Love With You,0uBdQzKghx88d2Lp8SLFKJ,I'm In Love With You,The 1975,3mIj9lX2MWuHmhNCA7LSCW,"['modern alternative rock', 'modern rock', 'pop', 'rock']",262623,79,True,0.668,0.902,2,-3.924,1,0.0386,0.169,8.74e-05,0.198,0.913,119.008,Good_Vibes
25,More Than A Woman - SG's Paradise Edit,0L3XCv9i9IHs8cJEVhsJ3J,More Than A Woman (SG's Paradise Edit),Bee Gees,1LZEQNv7sE11VDY3SdxQeN,"['disco', 'mellow gold', 'soft rock']",357936,70,False,0.679,0.762,10,-4.253,0,0.0316,0.00469,0.23,0.0446,0.511,105.407,Good_Vibes
26,All My Love (feat. Olivera),4axALpFKrIPxwQRnYJ1Zmc,All My Love (feat. Olivera),Lenno,4IRw3ME1D0lYOyFyXAjDv7,[],173148,50,False,0.737,0.867,1,-6.047,1,0.0396,0.015,0.357,0.172,0.767,125.01,Good_Vibes
27,Sunshine,54NBD72JXFXzrodbQBSzWh,Sunshine,Tyga,5LHRHt1k9lMyONurDHEdrp,"['dance pop', 'hip hop', 'pop rap', 'rap', 'southern hip hop', 'trap']",188964,75,True,0.746,0.647,7,-6.673,1,0.106,0.0267,0.0,0.052,0.393,97.989,Good_Vibes
28,Only Fan (feat. Cordae),6514uhzGpeyocCHv5kBih4,Infinite Dream,Bazzi,4GvEc3ANtPPjt1ZJllr5Zl,"['dance pop', 'electropop', 'pop']",153442,67,True,0.734,0.696,8,-2.315,1,0.0364,0.0159,0.0,0.0597,0.883,122.096,Good_Vibes
29,Cyclone,36SEfTZlBgmypZn0sgGroO,Cyclone,Maude Latour,3MNLhvqJkWsO6tcjY9ps62,"['alt z', 'indie pop', 'nyc pop', 'uk pop']",216463,64,False,0.65,0.838,8,-5.456,1,0.0402,0.0644,0.00013,0.0936,0.816,128.014,Good_Vibes
30,I Wanna Dance With Somebody - Who Loves Me,0cgFnx6yIVv3RrqXlZTiGZ,I Wanna Dance With Somebody (Who Loves Me),Smith & Thell,1ZrBGJWLL8NiAjgNifCy90,['swedish pop'],203538,57,False,0.593,0.787,2,-6.429,1,0.0327,0.038,0.0,0.194,0.507,125.957,Good_Vibes
31,Cinema,35TyJIMR3xRouUuo2sjS6v,Harry's House,Harry Styles,6KImCVD70vtIoJWnq6nGn3,['pop'],243507,81,False,0.829,0.644,9,-7.696,0,0.0427,0.354,0.0511,0.0944,0.896,105.993,Good_Vibes
32,Betty (Get Money),4cacyP5c3PMlfnyjpg13xW,Betty (Get Money),Yung Gravy,2YOYua8FpudSEiB9s88IgQ,['minnesota hip hop'],146470,88,False,0.723,0.772,1,-6.784,1,0.0792,0.00524,1.15e-05,0.367,0.58,102.004,Good_Vibes
33,sheluvme,64Ds8EuwkeGSOeXDzXLRZz,sheluvme,Tai Verdes,2kCO8LXN1usaOPL3iEE28I,"['modern indie pop', 'pop', 'pop rap']",150840,69,True,0.543,0.677,8,-5.203,1,0.284,0.514,1.19e-05,0.239,0.712,82.36,Good_Vibes
34,Kiss Me,1Xq9ilOLiknCaGYtSsvFrH,Songs of Sonder,Dermot Kennedy,5KNNVgR6LBIABRIomyCwKJ,"['folk-pop', 'irish pop', 'pop', 'uk pop']",229436,77,False,0.636,0.827,0,-3.201,0,0.0355,0.00132,0.0,0.0679,0.487,120.049,Good_Vibes
35,Dancin' In The Moonlight (feat. Lauren Alaina),0pnKcAh5binHOP9HexWwnZ,Dancin' In The Moonlight (feat. Lauren Alaina),Chris Lane,68abRTdO4meYReMWHvBYb0,"['contemporary country', 'country', 'country road']",199000,74,False,0.589,0.829,8,-4.861,0,0.0332,0.0196,0.0,0.128,0.563,121.998,Good_Vibes
36,Moneymaker,5f18AcRmbxcTxd4ehOXuYI,Moneymaker,Fitz and The Tantrums,4AcHt3JxKy59IX7JNNlZn4,"['la indie', 'modern alternative rock', 'modern rock', 'pop rock', 'rock']",137850,55,False,0.677,0.816,10,-3.279,0,0.0944,0.114,3.94e-06,0.0487,0.911,168.072,Good_Vibes
39,sun keeps on shining,5OAEQKfQzIB3X4K7TtviZf,sun keeps on shining,almost monday,42FzVuyJH8YbkhzWSR2n8E,['modern indie pop'],167200,66,False,0.626,0.765,4,-6.167,1,0.0559,0.145,0.0,0.465,0.777,87.529,Good_Vibes
40,Sitting In The Corner (feat. Adriel Favela & Kacey Musgraves),1Cx5pTBRWI67JXVmMGJT23,Fantasy Gateway,Cuco,2Tglaf8nvDzwSQnpSrjLHP,"['bedroom pop', 'dream pop']",232298,65,False,0.603,0.728,0,-7.453,1,0.0428,0.0425,9.33e-06,0.113,0.585,106.031,Good_Vibes
41,"New To You (with Normani, Tinashe, & Offset)",22PTmk4mzAVi92WiQPAcFp,"New To You (with Normani, Tinashe, & Offset)",Calvin Harris,7CajNmpbOovFoOoasH2HaY,"['dance pop', 'edm', 'electro house', 'house', 'pop', 'progressive house', 'uk dance']",302952,69,True,0.728,0.707,5,-5.09,0,0.0436,0.371,0.00107,0.126,0.802,96.023,Good_Vibes
42,Twin Flame,15cYjzRUBRrDHn76GdxWiv,Twin Flame,KAYTRANADA,6qgnBH6iDM91ipVXv28OMu,"['escape room', 'lgbtq+ hip hop']",232122,67,False,0.61,0.709,7,-7.143,1,0.241,0.00707,1.61e-05,0.273,0.33,100.489,Good_Vibes
43,El Que Espera,2oNSHvGBGZIrZouRAA1eaX,El Que Espera,Anitta,7FNnA9vBm6EKceENgCGRMb,"['funk carioca', 'funk pop', 'pagode baiano', 'pop nacional']",170396,79,False,0.825,0.758,9,-1.73,0,0.238,0.0895,0.0,0.0661,0.828,176.059,Good_Vibes
44,That's Where I Am,4f1KkbXHnfIVZ9vmIExByJ,That's Where I Am,Maggie Rogers,4NZvixzsSefsNiIqXn0NDe,"['indie pop', 'pop']",252760,64,False,0.269,0.764,7,-3.735,1,0.0534,0.132,0.0,0.0723,0.15,181.299,Good_Vibes
45,Last Last,5YbPxJwPfrj7uswNwoF1pJ,"Love, Damini",Burna Boy,3wcj11K77LjEY1PkEazffa,"['afro dancehall', 'dancehall', 'nigerian hip hop', 'nigerian pop']",172342,84,False,0.795,0.565,3,-4.457,0,0.0948,0.131,0.0,0.0802,0.55,87.925,Good_Vibes
46,Persuasive (with SZA),67v2UHujFruxWrDmjPYxD6,Persuasive (with SZA),Doechii,4E2rKHVDssGJm2SCDOMMJB,"['alternative r&b', 'escape room', 'pop', 'r&b', 'rap', 'viral rap']",210346,71,True,0.756,0.554,7,-7.166,0,0.145,0.211,0.0,0.274,0.563,120.028,Good_Vibes
47,"Stay With Me (with Justin Timberlake, Halsey, & Pharrell)",5lfWrciYtohtIMVDVZd0Rf,"Stay With Me (with Justin Timberlake, Halsey, & Pharrell)",Calvin Harris,7CajNmpbOovFoOoasH2HaY,"['dance pop', 'edm', 'electro house', 'house', 'pop', 'progressive house', 'uk dance']",229282,82,False,0.81,0.733,9,-6.338,1,0.0444,0.276,6.73e-06,0.288,0.9,125.975,Good_Vibes
48,Sway,2ajUl8lBLAXOXNpG4NEPMz,Michael Bublé,Michael Bublé,1GxkXlMwML1oSg5eLPiAz3,"['adult standards', 'canadian pop', 'jazz pop', 'lounge']",188066,75,False,0.713,0.639,2,-5.529,0,0.0313,0.753,0.0,0.0878,0.737,125.959,Good_Vibes
49,Hey Lover!,7rC3P7tpWriaC4hYWKwGQd,Cyclones and Hey Lover,Wabie,3wOQaMNQU0rbzWyGXIudmE,['bedroom pop'],162560,70,False,0.586,0.744,4,-10.142,1,0.0508,0.00614,0.000172,0.372,0.523,117.006,Good_Vibes
50,happy stuff,1C7eURT2UroBgmOEAX2eiR,happy stuff,Walk Off the Earth,6jEiUoyyJNPHzSR0Nib6HX,"['canadian rock', 'pop rock']",162134,58,False,0.622,0.56,7,-8.572,1,0.0694,0.213,0.0,0.134,0.671,153.893,Good_Vibes
52,"Heartbeat (From the “Lyle, Lyle, Crocodile” Original Motion Picture Soundtrack)",1gACe11pZiy8Xv3SY0ocyz,"Heartbeat (From the “Lyle, Lyle, Crocodile” Original Motion Picture Soundtrack)",Shawn Mendes,7n2wHs1TKAczGzO7Dd2rGr,"['canadian pop', 'dance pop', 'pop', 'viral pop']",140443,72,False,0.668,0.589,0,-6.978,1,0.1,0.289,0.0,0.279,0.813,91.053,Good_Vibes
53,What's Been On Your Mind?,3lpshfvmjrxGm9xr3x47F2,What's Been On Your Mind?,Surfaces,4ETSs924pXMzjIeD6E9b4u,"['bedroom soul', 'pop']",172490,66,False,0.736,0.667,1,-4.716,1,0.0303,0.0158,0.0,0.131,0.774,116.973,Good_Vibes
